client_name,client_code,dealer,customer_code,warehouse_name,province_name,city_name
深圳市光明新区公明语丽龙汽车维修护理中心,extra21010379,江苏康众汽配有限公司,KZ,深圳观澜仓库,广东省,深圳市
深圳市坤晟汽车服务有限公司,extra21010878,江苏康众汽配有限公司,KZ,深圳宝安仓库,广东省,深圳市
深圳市百胜汽车服务有限公司,extra22011353,江苏康众汽配有限公司,KZ,深圳龙城仓库,广东省,深圳市
深圳市驰天汽车服务有限公司,extra22012041,江苏康众汽配有限公司,KZ,深圳观澜仓库,广东省,深圳市
深圳市绍光正力汽车服务有限公司龙岗分公司,extra22012046,江苏康众汽配有限公司,KZ,深圳龙华仓库,广东省,深圳市
深圳市乐通爱车养护有限公司,extra22012083,江苏康众汽配有限公司,KZ,深圳宝安仓库,广东省,深圳市
深圳市龙岗区城峰汽车维修中心,extra22012113,江苏康众汽配有限公司,KZ,深圳龙城仓库,广东省,深圳市
深圳市龙华区浩瀚车汇汽车美容店,extra22012568,江苏康众汽配有限公司,KZ,深圳观澜仓库,广东省,深圳市
深圳市多轮多汽车服务有限公司,extra22023702,江苏康众汽配有限公司,KZ,深圳龙华仓库,广东省,深圳市
深圳市龙岗区平湖镇铃皇汽车修配厂,extra22023739,江苏康众汽配有限公司,KZ,深圳平湖仓库,广东省,深圳市
深圳车王汽车贸易有限公司,extra22023750,江苏康众汽配有限公司,KZ,深圳观澜仓库,广东省,深圳市
深圳市龙华新区观澜顺平汽车维修养护中心,extra22023912,江苏康众汽配有限公司,KZ,深圳观澜仓库,广东省,深圳市
深圳市龙华区爱车会汽车维修中心,extra22023947,江苏康众汽配有限公司,KZ,深圳观澜仓库,广东省,深圳市
深圳市龙华新区观澜世纪行汽车服务行,extra22024146,江苏康众汽配有限公司,KZ,深圳观澜仓库,广东省,深圳市
深圳市龙华区观澜创通汽车维修部,extra22024830,江苏康众汽配有限公司,KZ,深圳观澜仓库,广东省,深圳市
优车汇汽车美容（深圳）有限公司,extra22025591,江苏康众汽配有限公司,KZ,深圳平湖仓库,广东省,深圳市
深圳市名车道汽车服务有限公司宝安分公司,extra22025625,江苏康众汽配有限公司,KZ,深圳宝安仓库,广东省,深圳市
深圳市龙岗区布吉坂田龙辉汽车专项维修部,extra22028183,江苏康众汽配有限公司,KZ,深圳龙华仓库,广东省,深圳市
深圳市双龙车镇汽车有限公司,extra23029712,江苏康众汽配有限公司,KZ,深圳龙城仓库,广东省,深圳市
深圳南华森迪汽车服务有限公司,extra22023583,深圳市玖玖利贸易有限公司,118000411,玖玖利流塘店,广东省,深圳市
深圳市全威汽车技术有限公司,extra22023605,深圳市玖玖利贸易有限公司,118000411,玖玖利罗湖店,广东省,深圳市
深圳市通驰信凯汽车服务有限公司,extra22023611,深圳市玖玖利贸易有限公司,118000411,玖玖利龙华店,广东省,深圳市
深圳市宝安区途乐悦车汇汽车服务中心,extra22023744,深圳市玖玖利贸易有限公司,118000411,玖玖利流塘店,广东省,深圳市
深圳市荣锦昌汽车销售服务有限公司,extra22023973,深圳市玖玖利贸易有限公司,118000411,玖玖利龙华店,广东省,深圳市
深圳市龙岗区尚车族汽车服务中心,extra22024041,深圳市玖玖利贸易有限公司,118000411,玖玖利龙岗店,广东省,深圳市
深圳市宝安区燕罗街道车盛会汽车美容中心,extra22024458,深圳市玖玖利贸易有限公司,118000411,玖玖利流塘店,广东省,深圳市
深圳市鑫恒和汽车科技有限公司,extra22024495,深圳市玖玖利贸易有限公司,118000411,玖玖利流塘店,广东省,深圳市
深圳市宝安区西乡安记汽车服务店,extra22024607,深圳市玖玖利贸易有限公司,118000411,玖玖利流塘店,广东省,深圳市
深圳市奥捷汽车服务有限公司,extra22024643,深圳市玖玖利贸易有限公司,118000411,玖玖利流塘店,广东省,深圳市
深圳市邦田汽车维修有限公司,extra22024733,深圳市玖玖利贸易有限公司,118000411,玖玖利罗湖店,广东省,深圳市
深圳市车路达汽车服务有限公司,extra22013010,江苏康众汽配有限公司,KZ,深圳龙城仓库,广东省,深圳市
深圳市龙华区观湖环冠汽车维修服务中心,extra22013177,江苏康众汽配有限公司,KZ,深圳观澜仓库,广东省,深圳市
深圳市龙华区观湖德豪精工汽修部,extra22013256,江苏康众汽配有限公司,KZ,深圳观澜仓库,广东省,深圳市
深圳市顺通达汽车服务中心,extra22013837,江苏康众汽配有限公司,KZ,深圳龙城仓库,广东省,深圳市
深圳市龙岗区坪地街道顺景峰汽车维修服务部,extra22013907,江苏康众汽配有限公司,KZ,深圳观澜仓库,广东省,深圳市
洗车人家,extra22016653,江苏康众汽配有限公司,KZ,深圳龙华仓库,广东省,深圳市
深圳市光明区铭达汽车修配部,extra22016657,江苏康众汽配有限公司,KZ,深圳观澜仓库,广东省,深圳市
深圳市奔利星汽车服务有限公司,extra22016840,江苏康众汽配有限公司,KZ,深圳平湖仓库,广东省,深圳市
深圳市德润行汽车服务有限公司,extra22016867,江苏康众汽配有限公司,KZ,深圳宝安仓库,广东省,深圳市
深圳市龙岗区通发汽车服务中心,extra22017024,江苏康众汽配有限公司,KZ,深圳龙华仓库,广东省,深圳市
深圳市龙岗区坂田车臣汽车修配厂,extra22018245,江苏康众汽配有限公司,KZ,深圳龙华仓库,广东省,深圳市
开思时代科技（深圳）有限公司,extra22018387,江苏康众汽配有限公司,KZ,深圳龙华仓库,广东省,深圳市
德研汽车服务(深圳)有限公司,extra22018701,江苏康众汽配有限公司,KZ,深圳观澜仓库,广东省,深圳市
深圳市龙岗区丽影汽车用品商行,extra21010422,江苏康众汽配有限公司,KZ,深圳龙华仓库,广东省,深圳市
深圳市万车荟汽车服务有限公司,extra22011758,江苏康众汽配有限公司,KZ,深圳龙华仓库,广东省,深圳市
深圳市龙岗区坂田小聂汽车维修店,extra22012039,江苏康众汽配有限公司,KZ,深圳龙华仓库,广东省,深圳市
深圳市京田汽车服务有限公司,extra22012049,江苏康众汽配有限公司,KZ,深圳平湖仓库,广东省,深圳市
深圳市龙岗区车世界汽配经营部,extra22012115,江苏康众汽配有限公司,KZ,深圳龙华仓库,广东省,深圳市
深圳市龙岗区锦驰行汽车维修服务部,extra22016669,江苏康众汽配有限公司,KZ,深圳龙城仓库,广东省,深圳市
深圳市车杰仕汽车美容服务有限公司,extra22012210,深圳市玖玖利贸易有限公司,118000411,玖玖利龙华店,广东省,深圳市
深圳市龙岗区鸿天顺汽车配件店,extra21010508,深圳市玖玖利贸易有限公司,118000411,玖玖利龙岗店,广东省,深圳市
深圳市一车一语汽车服务有限公司,extra22012112,深圳市玖玖利贸易有限公司,118000411,玖玖利龙岗店,广东省,深圳市
深圳市恒鑫隆汽车服务有限公司,extra22012726,深圳市玖玖利贸易有限公司,118000411,玖玖利龙岗店,广东省,深圳市
深圳市环球汽车修理有限公司,extra22016758,深圳市玖玖利贸易有限公司,118000411,玖玖利罗湖店,广东省,深圳市
深圳市尊驾汇汽车技术服务有限公司,extra22019338,江苏康众汽配有限公司,KZ,深圳龙华仓库,广东省,深圳市
深圳市集信汽车服务有限公司,extra20005688,江苏康众汽配有限公司,KZ,深圳龙城仓库,广东省,深圳市
深圳市柏襄宝北务限公司冷气修公司,extra20005736,江苏康众汽配有限公司,KZ,深圳龙城仓库,广东省,深圳市
深圳市金轮汇汽车服务有限公司,extra20005743,江苏康众汽配有限公司,KZ,深圳龙华仓库,广东省,深圳市
星河汽车服务中心,extra20005944,江苏康众汽配有限公司,KZ,深圳观澜仓库,广东省,深圳市
深圳市冠轴汽车服务有限公司,extra20006075,江苏康众汽配有限公司,KZ,深圳观澜仓库,广东省,深圳市
深圳市汇鑫行汽车服务有限公司,extra20006138,江苏康众汽配有限公司,KZ,深圳观澜仓库,广东省,深圳市
深圳市大工匠汽车服务有限公司,extra20006188,江苏康众汽配有限公司,KZ,深圳龙城仓库,广东省,深圳市
深圳市美吧汽车服务有限公司,extra20006234,江苏康众汽配有限公司,KZ,深圳龙华仓库,广东省,深圳市
深圳市宝利通汽车服务有限公司,extra20006362,江苏康众汽配有限公司,KZ,深圳龙华仓库,广东省,深圳市
港源汽配,extra20006393,江苏康众汽配有限公司,KZ,深圳龙华仓库,广东省,深圳市
深圳市鼎盈新能源汽车有限公司,extra20006979,江苏康众汽配有限公司,KZ,深圳龙华仓库,广东省,深圳市
深圳市联兴达投资发展有限公司,extra21007484,江苏康众汽配有限公司,KZ,深圳平湖仓库,广东省,深圳市
深圳市南山区鑫源汽车配件店,extra21007792,江苏康众汽配有限公司,KZ,深圳宝安仓库,广东省,深圳市
开思时代,extra21007798,江苏康众汽配有限公司,KZ,深圳龙华仓库,广东省,深圳市
深圳坪山区坪山新达汽车易损配件店,extra21007876,江苏康众汽配有限公司,KZ,深圳观澜仓库,广东省,深圳市
深圳市捷盛行汽车服务有限公司,extra21007954,江苏康众汽配有限公司,KZ,深圳龙华仓库,广东省,深圳市
深圳市龙华区观湖顺风汽车维修服务中心,extra21008119,江苏康众汽配有限公司,KZ,深圳观澜仓库,广东省,深圳市
ACME,extra21008242,江苏康众汽配有限公司,KZ,深圳龙华仓库,广东省,深圳市
深圳市瑜成汽车服务有限公司,extra21008335,江苏康众汽配有限公司,KZ,深圳龙城仓库,广东省,深圳市
深圳车之韵汽车服务有限公司,extra21008441,江苏康众汽配有限公司,KZ,深圳宝安仓库,广东省,深圳市
深圳市龙岗区车艺坊汽车配件部,extra21008574,江苏康众汽配有限公司,KZ,深圳龙华仓库,广东省,深圳市
深圳市家车宝汽车服务有限公司,extra21009025,江苏康众汽配有限公司,KZ,深圳龙华仓库,广东省,深圳市
深圳市龙华新区观澜鑫宝业汽配维修厂,extra21009029,江苏康众汽配有限公司,KZ,深圳观澜仓库,广东省,深圳市
深圳市速迈汽车服务有限公司,extra21009304,江苏康众汽配有限公司,KZ,深圳龙华仓库,广东省,深圳市
兴马汇路捷汽车服务（深圳）有限公司,extra21009416,江苏康众汽配有限公司,KZ,深圳龙华仓库,广东省,深圳市
深圳市桔车快修汽车服务有限公司,extra21009577,江苏康众汽配有限公司,KZ,深圳龙城仓库,广东省,深圳市
深圳市安齐汽车服务有限公司,extra20006469,深圳市玖玖利贸易有限公司,118000411,玖玖利罗湖店,广东省,深圳市
深圳市龙岗区星隆行汽车修理行,extra20006038,江苏康众汽配有限公司,KZ,深圳龙华仓库,广东省,深圳市
小滴快跑(深圳)汽车服务有限公司,extra20006085,江苏康众汽配有限公司,KZ,深圳龙华仓库,广东省,深圳市
深圳德成名车有限公司,extra20005710,江苏康众汽配有限公司,KZ,深圳龙华仓库,广东省,深圳市
深圳市嘉车宝汽车服务有限公司,extra20005679,深圳市玖玖利贸易有限公司,118000411,玖玖利龙华店,广东省,深圳市
深圳市德众邦汽车服务有限责任公司,extra20005806,深圳市玖玖利贸易有限公司,118000411,玖玖利流塘店,广东省,深圳市
深圳市骑兵汽车维修有限公司,extra20005968,深圳市玖玖利贸易有限公司,118000411,玖玖利龙华店,广东省,深圳市
深圳市龙华区观湖街道鸿兴汽配行,extra20006226,深圳市玖玖利贸易有限公司,118000411,玖玖利龙华店,广东省,深圳市
深圳市宝安区兴宝达汽车服务中心,extra21007942,深圳市玖玖利贸易有限公司,118000411,玖玖利流塘店,广东省,深圳市
深圳市亮车坊汽车服务有限公司,extra21007965,深圳市玖玖利贸易有限公司,118000411,玖玖利流塘店,广东省,深圳市
深圳市宝安区名车匠汽车美容养护中心,IWSG29519,江苏康众汽配有限公司,KZ,深圳观澜仓库,广东省,深圳市
深圳市德诺汽车服务有限公司,IWSG27655,深圳市玖玖利贸易有限公司,118000411,玖玖利龙华店,广东省,深圳市
深圳市这一刻汽车美容有限公司,IWSG28209,江苏康众汽配有限公司,KZ,深圳平湖仓库,广东省,深圳市
深圳市天逸汽车服务有限公司,IWSG29597,江苏康众汽配有限公司,KZ,深圳观澜仓库,广东省,深圳市
深圳云车之家汽车服务有限公司,extra20005921,深圳市玖玖利贸易有限公司,118000411,玖玖利流塘店,广东省,深圳市
深圳市鑫豪超贸易有限公司,IWSG73895,江苏康众汽配有限公司,KZ,深圳龙城仓库,广东省,深圳市
深圳市全心概念汽车服务有限公司,IWSG74221,江苏康众汽配有限公司,KZ,深圳龙华仓库,广东省,深圳市
深圳车驿会汽车服务有限公司,extra22023933,深圳市玖玖利贸易有限公司,118000411,玖玖利龙华店,广东省,深圳市
深圳开思时代科技有限公司,extra20005665,江苏康众汽配有限公司,KZ,深圳龙华仓库,广东省,深圳市
深圳市龙驰汽车服务有限公司,extra22025554,深圳市玖玖利贸易有限公司,118000411,玖玖利龙华店,广东省,深圳市
深圳市龙岗区精工汽车维修美容中心,IWSG23653,深圳市玖玖利贸易有限公司,118000411,玖玖利平湖店,广东省,深圳市
深圳市龙岗区成信汽车维修保养中心,extra22028318,深圳市玖玖利贸易有限公司,118000411,玖玖利流塘店,广东省,深圳市
深圳市龙岗区平湖康威汽车美容维修行,extra22018656,江苏康众汽配有限公司,KZ,深圳平湖仓库,广东省,深圳市
深圳市龙城路华汽车维修有限公司,extra22023962,深圳市玖玖利贸易有限公司,118000411,玖玖利平湖店,广东省,深圳市
深圳市龙华新区龙华三合汽车服务部,extra22025190,深圳市玖玖利贸易有限公司,118000411,玖玖利龙华店,广东省,深圳市
深圳市龙华新区观澜福民富民汽车美容养护中心,extra21007426,江苏康众汽配有限公司,KZ,深圳观澜仓库,广东省,深圳市
深圳市龙华新区观澜新利群汽车维修服务部,extra20006662,深圳市玖玖利贸易有限公司,118000411,玖玖利龙华店,广东省,深圳市
深圳市龙华新区观澜万里鹏汽车养护中心,extra22025431,江苏康众汽配有限公司,KZ,深圳观澜仓库,广东省,深圳市
深圳市龙华区龙腾汽车服务中心,IWSG29214,江苏康众汽配有限公司,KZ,深圳龙华仓库,广东省,深圳市
深圳市龙华区龙华新东旺汽车维修服务中心,extra22023582,深圳市玖玖利贸易有限公司,118000411,玖玖利龙华店,广东省,深圳市
深圳市龙华区国兴昌汽配店,extra22024017,江苏康众汽配有限公司,KZ,深圳观澜仓库,广东省,深圳市
深圳市高登汽车贸易有限公司,extra20005718,深圳市玖玖利贸易有限公司,118000411,玖玖利龙岗店,广东省,深圳市
深圳市香车缤纷汽车服务有限公司,extra22025559,深圳市玖玖利贸易有限公司,118000411,玖玖利流塘店,广东省,深圳市
深圳开思测试维修厂20200903,extra22024818,江苏康众汽配有限公司,KZ,深圳龙华仓库,广东省,深圳市
深圳市龙华新区观澜海铭汽车维修行,extra22025551,江苏康众汽配有限公司,KZ,深圳观澜仓库,广东省,深圳市
深圳市车会友汽车科技有限公司,extra22028491,江苏康众汽配有限公司,KZ,深圳宝安仓库,广东省,深圳市
深圳市南山区华创大众汽车服务中心,extra23030188,江苏康众汽配有限公司,KZ,深圳宝安仓库,广东省,深圳市
深圳市车百年汽车服务有限公司（盛平店）,extra22024124,江苏康众汽配有限公司,KZ,深圳龙城仓库,广东省,深圳市
深圳市龙岗区平湖远程汽配店,extra22024540,江苏康众汽配有限公司,KZ,深圳平湖仓库,广东省,深圳市
深圳市宝安区燕罗车洁士汽车养护会所,extra22023796,江苏康众汽配有限公司,KZ,深圳观澜仓库,广东省,深圳市
深圳市安驰达汽车服务有限公司,extra22023823,江苏康众汽配有限公司,KZ,深圳宝安仓库,广东省,深圳市
深圳市龙岗区松达汽车维修服务有限公司,extra22023853,江苏康众汽配有限公司,KZ,深圳龙华仓库,广东省,深圳市
深圳市盈春通汽车服务有限公司,extra22023937,江苏康众汽配有限公司,KZ,深圳龙华仓库,广东省,深圳市
深圳市奥睿汽车维修有限公司,extra22024006,江苏康众汽配有限公司,KZ,深圳龙华仓库,广东省,深圳市
深圳市龙岗区龙爵汽车服务中心,extra22024039,江苏康众汽配有限公司,KZ,深圳龙城仓库,广东省,深圳市
深圳市深联汽车服务有限公司,extra22024567,江苏康众汽配有限公司,KZ,深圳平湖仓库,广东省,深圳市
深圳市爱驾车汽车有限公司,extra22024602,江苏康众汽配有限公司,KZ,深圳龙华仓库,广东省,深圳市
深圳市星美荟汽车服务有限公司,extra22024826,江苏康众汽配有限公司,KZ,深圳龙城仓库,广东省,深圳市
深圳市龙岗区鑫辉业汽车维修服务中心,extra22024832,江苏康众汽配有限公司,KZ,深圳观澜仓库,广东省,深圳市
深圳市九九车林汽车服务有限公司,extra22024875,江苏康众汽配有限公司,KZ,深圳龙华仓库,广东省,深圳市
深圳市龙岗区车之援轮胎服务中心,extra22024891,江苏康众汽配有限公司,KZ,深圳龙城仓库,广东省,深圳市
深圳市新雅汽车服务有限公司,extra22024918,江苏康众汽配有限公司,KZ,深圳龙城仓库,广东省,深圳市
深圳市崇峰汽车服务有限公司,extra22024945,江苏康众汽配有限公司,KZ,深圳龙华仓库,广东省,深圳市
深圳市龙岗区泰昇汽车服务中心,extra22025314,江苏康众汽配有限公司,KZ,深圳龙华仓库,广东省,深圳市
深圳市龙岗区车旺佳汽车服务中心,extra22025336,江苏康众汽配有限公司,KZ,深圳龙城仓库,广东省,深圳市
深圳兴鸿源名车服务有限公司,extra22025560,江苏康众汽配有限公司,KZ,深圳龙华仓库,广东省,深圳市
深圳市宝安区松岗新信联汽车服务行,extra22025767,江苏康众汽配有限公司,KZ,深圳观澜仓库,广东省,深圳市
深圳市宝安区沙井洗得净汽车维修美容服务中心,extra22022094,江苏康众汽配有限公司,KZ,深圳观澜仓库,广东省,深圳市
深圳市龙岗区华南汽修美容服务中心,extra22023059,江苏康众汽配有限公司,KZ,深圳平湖仓库,广东省,深圳市
深圳市龙岗区坂田兴旺洗车场,extra22023520,江苏康众汽配有限公司,KZ,深圳龙华仓库,广东省,深圳市
深圳市文利达汽车服务有限公司,extra22024917,深圳市玖玖利贸易有限公司,118000411,玖玖利龙华店,广东省,深圳市
深圳市冠沃汽车服务有限公司,extra22025014,深圳市玖玖利贸易有限公司,118000411,玖玖利流塘店,广东省,深圳市
深圳市百式车汇汽车服务有限公司,extra22025027,深圳市玖玖利贸易有限公司,118000411,玖玖利流塘店,广东省,深圳市
深圳市龙华区恒海汽车维护中心,extra22025496,深圳市玖玖利贸易有限公司,118000411,玖玖利流塘店,广东省,深圳市
深圳市宝安区福永奇技汽车服务中心,extra22025536,深圳市玖玖利贸易有限公司,118000411,玖玖利流塘店,广东省,深圳市
深圳市宝安区新安捌零後汽车配件商行,extra22025633,深圳市玖玖利贸易有限公司,118000411,玖玖利流塘店,广东省,深圳市
深圳市龙兴行汽车服务有限公司,extra22025671,深圳市玖玖利贸易有限公司,118000411,玖玖利龙岗店,广东省,深圳市
深圳市汇德行汽车服务有限公司,extra22025690,深圳市玖玖利贸易有限公司,118000411,玖玖利龙岗店,广东省,深圳市
深圳市鑫达成汽车服务有限公司,extra22025761,深圳市玖玖利贸易有限公司,118000411,玖玖利流塘店,广东省,深圳市
深圳市速通汽车科技有限公司,extra22026741,深圳市玖玖利贸易有限公司,118000411,玖玖利龙岗店,广东省,深圳市
深圳市车年华汽车服务有限公司,extra22026924,深圳市玖玖利贸易有限公司,118000411,玖玖利龙岗店,广东省,深圳市
深圳市建佳汽车维修有限公司,IWSG22733,深圳市玖玖利贸易有限公司,118000411,玖玖利流塘店,广东省,深圳市
深圳市鑫宝通汽车服务有限公司,IWSG29072,深圳市玖玖利贸易有限公司,118000411,玖玖利龙华店,广东省,深圳市
深圳市宝安区新安欧众汽车维修服务部,extra22022856,江苏康众汽配有限公司,KZ,深圳宝安仓库,广东省,深圳市
深圳市福睿德汽车服务有限公司,extra22023322,江苏康众汽配有限公司,KZ,深圳龙城仓库,广东省,深圳市
深圳市龙华新区观澜会通汽车维修服务部,extra22024741,江苏康众汽配有限公司,KZ,深圳观澜仓库,广东省,深圳市
深圳市京车惠汽车服务有限公司,extra22019941,江苏康众汽配有限公司,KZ,深圳龙城仓库,广东省,深圳市
深圳市龙岗区平湖兴达华汽车服务部,extra22026403,江苏康众汽配有限公司,KZ,深圳平湖仓库,广东省,深圳市
深圳市鑫昌达汽车服务有限公司,extra22026404,江苏康众汽配有限公司,KZ,深圳平湖仓库,广东省,深圳市
深圳市宝安区松岗好运发汽车美容维修中心,extra22028190,江苏康众汽配有限公司,KZ,深圳观澜仓库,广东省,深圳市
深圳市诚信隆汽车服务有限公司,extra23029322,江苏康众汽配有限公司,KZ,深圳龙城仓库,广东省,深圳市
深圳市爱车已遇生活馆有限公司,extra22026649,江苏康众汽配有限公司,KZ,深圳平湖仓库,广东省,深圳市
乾丰汽车维修服务中心,IWSG02048,江苏康众汽配有限公司,KZ,深圳观澜仓库,广东省,深圳市
深圳市车友一族维修有限公司,BSS01846,江苏康众汽配有限公司,KZ,深圳观澜仓库,广东省,深圳市
明丰汽车服务部,IWSG70132,江苏康众汽配有限公司,KZ,深圳观澜仓库,广东省,深圳市
深圳市龙华新区银星汽车美容维修中心,IWSG23914,江苏康众汽配有限公司,KZ,深圳观澜仓库,广东省,深圳市
深圳市龙岗区平湖广荣汽车维护部,IWSG26919,江苏康众汽配有限公司,KZ,深圳平湖仓库,广东省,深圳市
深圳市精工宏亚汽车服务有限公司,extra21009093,深圳市玖玖利贸易有限公司,118000411,玖玖利罗湖店,广东省,深圳市
深圳市福田区名车之家汽配行,extra22026009,深圳市玖玖利贸易有限公司,118000411,玖玖利罗湖店,广东省,深圳市
深圳市狄骑汽车服务有限公司,IWSG32311,江苏康众汽配有限公司,KZ,深圳龙华仓库,广东省,深圳市
深圳市爱车族汽车发展有限公司,extra20005786,深圳市玖玖利贸易有限公司,118000411,玖玖利罗湖店,广东省,深圳市
深圳市瀚腾汽车服务有限公司,extra21008133,江苏康众汽配有限公司,KZ,深圳龙华仓库,广东省,深圳市
深圳市欧悦汽车服务有限公司,extra22023628,深圳市玖玖利贸易有限公司,118000411,玖玖利龙华店,广东省,深圳市
深圳市有源汽车服务有限公司,extra22028329,深圳市玖玖利贸易有限公司,118000411,玖玖利流塘店,广东省,深圳市
深圳市有信行汽车服务有限公司,extra22024851,江苏康众汽配有限公司,KZ,深圳龙城仓库,广东省,深圳市
深圳市星龙星行汽车服务有限公司龙华分公司,extra20005683,深圳市玖玖利贸易有限公司,118000411,玖玖利龙华店,广东省,深圳市
深圳市新鸿汽车服务有限公司,extra20007175,深圳市玖玖利贸易有限公司,118000411,玖玖利罗湖店,广东省,深圳市
深圳市新荔城汽车维修服务有限公司,extra22024579,深圳市玖玖利贸易有限公司,118000411,玖玖利罗湖店,广东省,深圳市
深圳市德鑫行汽车服务有限公司,extra20006163,深圳市玖玖利贸易有限公司,118000411,玖玖利罗湖店,广东省,深圳市
深圳市德汇普汽车维修有限公司,extra21010870,深圳市玖玖利贸易有限公司,118000411,玖玖利罗湖店,广东省,深圳市
深圳市德懿汽车服务有限公司,extra22025063,深圳市玖玖利贸易有限公司,118000411,玖玖利罗湖店,广东省,深圳市
深圳市德孚汽车技术服务有限公司,IWSG26857,江苏康众汽配有限公司,KZ,深圳龙华仓库,广东省,深圳市
深圳市宝安区新安兴龙汽车护理行,extra22028361,深圳市玖玖利贸易有限公司,118000411,玖玖利流塘店,广东省,深圳市
深圳市宏达汽车服务连锁有限公司,extra21007872,深圳市玖玖利贸易有限公司,118000411,玖玖利龙华店,广东省,深圳市
深圳市华宸汽车服务有限公司,extra22023975,深圳市玖玖利贸易有限公司,118000411,玖玖利龙华店,广东省,深圳市
深圳市兴新业汇汽车服务有限公司,extra22028363,深圳市玖玖利贸易有限公司,118000411,玖玖利罗湖店,广东省,深圳市
深圳市元兴汽车维修有限公司,extra21009435,深圳市玖玖利贸易有限公司,118000411,玖玖利流塘店,广东省,深圳市
深圳市中鑫之宝汽车销售服务有限公司,extra21009405,江苏康众汽配有限公司,KZ,深圳龙华仓库,广东省,深圳市
深圳市东岸汽车服务有限公司,extra22024231,江苏康众汽配有限公司,KZ,深圳观澜仓库,广东省,深圳市
深圳市三为汽车销售服务有限公司,extra22024413,深圳市玖玖利贸易有限公司,118000411,玖玖利龙岗店,广东省,深圳市
深圳市万里达名车服务有限公司,extra22028346,深圳市玖玖利贸易有限公司,118000411,玖玖利罗湖店,广东省,深圳市
深圳市万康实业有限公司,extra22024903,深圳市玖玖利贸易有限公司,118000411,玖玖利龙华店,广东省,深圳市
深圳宝乐名车服务有限公司,extra21008809,深圳市玖玖利贸易有限公司,118000411,玖玖利罗湖店,广东省,深圳市
深圳龙岗区黎明汽车维修服务部,IWSG29088,江苏康众汽配有限公司,KZ,深圳龙华仓库,广东省,深圳市
深圳铂龙汇汽车有限公司,extra22017437,深圳市玖玖利贸易有限公司,118000411,玖玖利罗湖店,广东省,深圳市
深圳市龙岗区车速汽车维修行,extra20006080,江苏康众汽配有限公司,KZ,深圳龙城仓库,广东省,深圳市
深圳市龙岗区车速汽车维修行,76241277,江苏康众汽配有限公司,KZ,深圳龙城仓库,广东省,深圳市
深圳市龙岗区车速汽车维修行,extra20006080,江苏康众汽配有限公司,KZ,深圳龙城仓库,广东省,深圳市
深圳市龙岗区车速汽车维修行,76241277,江苏康众汽配有限公司,KZ,深圳龙城仓库,广东省,深圳市
深圳市龙岗区摩马汽车养护中心,extra21008059,江苏康众汽配有限公司,KZ,深圳龙华仓库,广东省,深圳市
深圳市龙岗区平湖明旺汽车修理厂,extra21007492,深圳市玖玖利贸易有限公司,118000411,玖玖利平湖店,广东省,深圳市
深圳市龙华新区民治乐溢城市汽车美容中心,IWSG22596,深圳市玖玖利贸易有限公司,118000411,玖玖利龙华店,广东省,深圳市
深圳市龙华区观澜易通汽车维修服务部,extra20005666,深圳市玖玖利贸易有限公司,118000411,玖玖利龙华店,广东省,深圳市
深圳市龙华区福城车丽宝汽车美容服务部,IWSG30247,深圳市玖玖利贸易有限公司,118000411,玖玖利龙华店,广东省,深圳市
深圳市龙华区瞬达汽车维修行,extra21010513,深圳市玖玖利贸易有限公司,118000411,玖玖利龙华店,广东省,深圳市
深圳市黄金台汽车贸易服务有限公司,extra20007143,深圳市玖玖利贸易有限公司,118000411,玖玖利流塘店,广东省,深圳市
深圳市鹤围洗车场,extra20007219,深圳市玖玖利贸易有限公司,118000411,玖玖利罗湖店,广东省,深圳市
深圳市鹏基工程车租赁有限公司,extra22020939,江苏康众汽配有限公司,KZ,深圳龙城仓库,广东省,深圳市
深圳市鑫一等汽车有限公司,IWSG29240,深圳市玖玖利贸易有限公司,118000411,玖玖利龙华店,广东省,深圳市
深圳市车护士汽车美容有限公司,extra21008257,深圳市玖玖利贸易有限公司,118000411,玖玖利龙华店,广东省,深圳市
深圳市车宝贝汽车服务有限公司,IWSG31603,江苏康众汽配有限公司,KZ,深圳龙华仓库,广东省,深圳市
深圳市诚奥汽车有限公司,IWSG32289,江苏康众汽配有限公司,KZ,深圳平湖仓库,广东省,深圳市
深圳市誉德汽车服务有限公司,extra22024816,江苏康众汽配有限公司,KZ,深圳龙华仓库,广东省,深圳市
深圳市英陆捷汽车配件贸易有限公司,extra20006257,深圳市玖玖利贸易有限公司,118000411,玖玖利流塘店,广东省,深圳市
深圳市美车屋汽车服务有限公司,IWSG23323,江苏康众汽配有限公司,KZ,深圳平湖仓库,广东省,深圳市
深圳市猫盟汽车服务有限公司,extra22022845,深圳市玖玖利贸易有限公司,118000411,玖玖利龙华店,广东省,深圳市
深圳市特驱汽车服务有限公司西乡分公司,extra22028321,深圳市玖玖利贸易有限公司,118000411,玖玖利罗湖店,广东省,深圳市
深圳市泰源通汽车贸易有限公司,extra21009466,江苏康众汽配有限公司,KZ,深圳龙城仓库,广东省,深圳市
深圳市泰源通汽车贸易有限公司,76242308,江苏康众汽配有限公司,KZ,深圳龙城仓库,广东省,深圳市
深圳市泰源通汽车贸易有限公司,extra21009466,江苏康众汽配有限公司,KZ,深圳龙城仓库,广东省,深圳市
深圳市泰源通汽车贸易有限公司,76242308,江苏康众汽配有限公司,KZ,深圳龙城仓库,广东省,深圳市
深圳市汇诚汽车技术服务有限公司,extra21007738,深圳市玖玖利贸易有限公司,118000411,玖玖利龙华店,广东省,深圳市
深圳市星龙星行汽车服务有限公司,extra22016927,江苏康众汽配有限公司,KZ,深圳宝安仓库,广东省,深圳市
深圳市星龙星行汽车服务有限公司,76242136,江苏康众汽配有限公司,KZ,深圳宝安仓库,广东省,深圳市
深圳市星龙星行汽车服务有限公司,extra22016927,江苏康众汽配有限公司,KZ,深圳宝安仓库,广东省,深圳市
深圳市星龙星行汽车服务有限公司,76242136,江苏康众汽配有限公司,KZ,深圳宝安仓库,广东省,深圳市
深圳市易车有道汽车服务有限公司,IWSG30156,江苏康众汽配有限公司,KZ,深圳龙华仓库,广东省,深圳市
深圳市日兴达汽车修配有限公司,extra20005740,深圳市玖玖利贸易有限公司,118000411,玖玖利罗湖店,广东省,深圳市
深圳市新宝名汽车服务有限公司,extra22025940,江苏康众汽配有限公司,KZ,深圳龙华仓库,广东省,深圳市
深圳市帷嘉汽车服务有限公司,extra20005667,深圳市玖玖利贸易有限公司,118000411,玖玖利龙华店,广东省,深圳市
深圳市宝正汽车维修有限公司,extra20005728,深圳市玖玖利贸易有限公司,118000411,玖玖利流塘店,广东省,深圳市
深圳市宝安区松岗车博士汽车服务中心,extra20006114,深圳市玖玖利贸易有限公司,118000411,玖玖利流塘店,广东省,深圳市
深圳市宝安区新安友车仁汽车维修厂,extra22025544,深圳市玖玖利贸易有限公司,118000411,玖玖利流塘店,广东省,深圳市
深圳市宝安区名车道汽车服务站,extra22025617,深圳市玖玖利贸易有限公司,118000411,玖玖利流塘店,广东省,深圳市
深圳市大咖汽车服务有限公司,extra22025223,深圳市玖玖利贸易有限公司,118000411,玖玖利龙岗店,广东省,深圳市
深圳市壹号车间汽车维修有限公司,extra21009144,深圳市玖玖利贸易有限公司,118000411,玖玖利流塘店,广东省,深圳市
深圳市友车汇汽车轮胎有限公司,extra20006187,深圳市玖玖利贸易有限公司,118000411,玖玖利龙岗店,广东省,深圳市
深圳市友车仁汽车服务有限公司,extra22025054,深圳市玖玖利贸易有限公司,118000411,玖玖利流塘店,广东省,深圳市
深圳市华驿汽车维修服务有限公司,extra21009965,深圳市玖玖利贸易有限公司,118000411,玖玖利罗湖店,广东省,深圳市
深圳市千典达汽车配件有限公司,extra21010009,深圳市玖玖利贸易有限公司,118000411,玖玖利罗湖店,广东省,深圳市
深圳市北方鹏昇汽车服务有限公司,extra22024477,深圳市玖玖利贸易有限公司,118000411,玖玖利罗湖店,广东省,深圳市
深圳市六度奔宝汽车服务有限公司,extra20006669,深圳市玖玖利贸易有限公司,118000411,玖玖利龙华店,广东省,深圳市
深圳市京车会汽车技术有限公司,extra22023765,江苏康众汽配有限公司,KZ,深圳观澜仓库,广东省,深圳市
深圳市中维汽车美容维修有限公司,extra20005954,深圳市玖玖利贸易有限公司,118000411,玖玖利罗湖店,广东省,深圳市
深圳壹心汽车服务管理有限公司,extra21010529,深圳市玖玖利贸易有限公司,118000411,玖玖利流塘店,广东省,深圳市
瑞吉汽车服务（深圳）有限公司,extra21010579,深圳市玖玖利贸易有限公司,118000411,玖玖利龙岗店,广东省,深圳市
深圳高利德汽车维修服务有限公司,IWSG23416,深圳市玖玖利贸易有限公司,118000411,玖玖利流塘店,广东省,深圳市
深圳市车酷汽车服务有限公司,IWSG23915,江苏康众汽配有限公司,KZ,深圳观澜仓库,广东省,深圳市
深圳市明新汽车服务有限公司,IWSG26918,江苏康众汽配有限公司,KZ,深圳观澜仓库,广东省,深圳市
深圳市壹捷观澜汽车服务有限公司,IWSG26915,江苏康众汽配有限公司,KZ,深圳观澜仓库,广东省,深圳市
冠轴汽车俱乐部,IWSG26917,江苏康众汽配有限公司,KZ,深圳观澜仓库,广东省,深圳市
深圳市龙华新区观澜比比卡汽车养护中心,IWSG29160,江苏康众汽配有限公司,KZ,深圳观澜仓库,广东省,深圳市
车友一族维修有限公司,IWSG70149,江苏康众汽配有限公司,KZ,深圳观澜仓库,广东省,深圳市
深圳市龙华新区观澜顺风汽车维修服务中心,BSS01839,江苏康众汽配有限公司,KZ,深圳观澜仓库,广东省,深圳市
乐盛汽修有限公司,IWSG70130,江苏康众汽配有限公司,KZ,深圳观澜仓库,广东省,深圳市
金伯乐汽车美容服务中心,IWSG70131,江苏康众汽配有限公司,KZ,深圳观澜仓库,广东省,深圳市
观澜福民富民汽车美容养护中心,IWSG70134,江苏康众汽配有限公司,KZ,深圳观澜仓库,广东省,深圳市
全心概念汽车服务有限公司,IWSG70147,江苏康众汽配有限公司,KZ,深圳龙华仓库,广东省,深圳市
观澜顺风汽车维修服务中心,IWSG70148,江苏康众汽配有限公司,KZ,深圳观澜仓库,广东省,深圳市
深圳市骏玮汽车服务有限公司,IWSG23369,江苏康众汽配有限公司,KZ,深圳龙华仓库,广东省,深圳市
深圳市瑞翼汽车服务有限公司,IWSG23404,江苏康众汽配有限公司,KZ,深圳平湖仓库,广东省,深圳市
深圳市龙岗区顺泰汽车配件店,IWSG23467,江苏康众汽配有限公司,KZ,深圳平湖仓库,广东省,深圳市
神汽云修（深圳）汽车服务有限公司,IWSG26959,江苏康众汽配有限公司,KZ,深圳平湖仓库,广东省,深圳市
深圳市众源江通汽车服务有限公司,IWSG27037,江苏康众汽配有限公司,KZ,深圳平湖仓库,广东省,深圳市
车信恒汽车服务有限公司,IWSG27295,江苏康众汽配有限公司,KZ,深圳平湖仓库,广东省,深圳市
美途乐汽车服务（深圳）有限公司,IWSG27494,江苏康众汽配有限公司,KZ,深圳平湖仓库,广东省,深圳市
深圳龙岗区平湖骏达汽车维护服务部,IWSG27537,江苏康众汽配有限公司,KZ,深圳平湖仓库,广东省,深圳市
深圳市新品通汽车服务有限公司,IWSG27654,江苏康众汽配有限公司,KZ,深圳平湖仓库,广东省,深圳市
深圳市龙岗区坂田维创汽车修配厂,IWSG29225,江苏康众汽配有限公司,KZ,深圳龙华仓库,广东省,深圳市
深圳市明新旺汽车服务有限公司,IWSG29894,江苏康众汽配有限公司,KZ,深圳平湖仓库,广东省,深圳市
深圳市龙岗区平湖骏驰汽车维修部,IWSG29953,江苏康众汽配有限公司,KZ,深圳平湖仓库,广东省,深圳市
深圳市龙岗区平湖第七区汽车美容店,IWSG73885,江苏康众汽配有限公司,KZ,深圳平湖仓库,广东省,深圳市
深圳车车美美汽车服务中心,IWSG24864,江苏康众汽配有限公司,KZ,深圳宝安仓库,广东省,深圳市
深圳车宝兴汽车服务,IWSG24865,江苏康众汽配有限公司,KZ,深圳宝安仓库,广东省,深圳市
深圳市靓车缘汽车有限公司,IWSG26504,江苏康众汽配有限公司,KZ,深圳宝安仓库,广东省,深圳市
深圳市金舆隆汽车服务有限公司,IWSG26855,江苏康众汽配有限公司,KZ,深圳观澜仓库,广东省,深圳市
深圳市车生活汽车美容有限公司,IWSG26920,江苏康众汽配有限公司,KZ,深圳观澜仓库,广东省,深圳市
深圳市龙华区观澜车之友汽车维修美容服务部,IWSG27033,江苏康众汽配有限公司,KZ,深圳观澜仓库,广东省,深圳市
深圳市龙华区观湖时时美汽车美容服务中心,IWSG27036,江苏康众汽配有限公司,KZ,深圳观澜仓库,广东省,深圳市
深圳市宝安区新安文仔轮胎行,IWSG27296,江苏康众汽配有限公司,KZ,深圳宝安仓库,广东省,深圳市
深圳市龙岗区平湖辉达汽车维修服务部,IWSG27416,江苏康众汽配有限公司,KZ,深圳平湖仓库,广东省,深圳市
深圳市龙岗区盛安达汽车美容服务中心,IWSG27418,江苏康众汽配有限公司,KZ,深圳平湖仓库,广东省,深圳市
深圳市龙岗区平湖精华汽车修配厂,IWSG27419,江苏康众汽配有限公司,KZ,深圳平湖仓库,广东省,深圳市
深圳市平湖魅力无限汽车服务有限公司,IWSG27420,江苏康众汽配有限公司,KZ,深圳平湖仓库,广东省,深圳市
深圳市龙岗区诚就汽车维修服务部,IWSG27651,江苏康众汽配有限公司,KZ,深圳平湖仓库,广东省,深圳市
深圳市龙岗区坂田明新汽车维修部,IWSG27677,江苏康众汽配有限公司,KZ,深圳龙华仓库,广东省,深圳市
深圳市龙岗区平湖鑫昌达汽车服务有限公司,IWSG28183,江苏康众汽配有限公司,KZ,深圳平湖仓库,广东省,深圳市
深圳市金拇指汽车服务有限公司,IWSG23613,江苏康众汽配有限公司,KZ,深圳宝安仓库,广东省,深圳市
深圳市兴嘉莉汽车配件用品服务有限公司,IWSG27653,江苏康众汽配有限公司,KZ,深圳龙华仓库,广东省,深圳市
深圳市大乐车浮车友服务有限公司,76242360,江苏康众汽配有限公司,KZ,深圳观澜仓库,广东省,深圳市
百援龙湖店,IWSG30844005,江苏康众汽配有限公司,KZ,深圳龙城仓库,广东省,深圳市
百援天龙店,IWSG30844006,江苏康众汽配有限公司,KZ,深圳龙城仓库,广东省,深圳市
深圳市首佳汽车服务有限公司,extra22024949,江苏康众汽配有限公司,KZ,深圳观澜仓库,广东省,深圳市
深圳市风神汽车租赁有限公司,extra22022723,江苏康众汽配有限公司,KZ,深圳宝安仓库,广东省,深圳市
深圳市青丰汽车服务有限公司,76240168,江苏康众汽配有限公司,KZ,深圳龙城仓库,广东省,深圳市
深圳市鑫车世界汽车维修服务有限公司,IWSG30241,深圳市玖玖利贸易有限公司,118000411,玖玖利龙华店,广东省,深圳市
深圳市鑫福生汽车服务有限公司,extra20006735,江苏康众汽配有限公司,KZ,深圳观澜仓库,广东省,深圳市
深圳市金成汽车服务有限公司,IWSG29169,江苏康众汽配有限公司,KZ,深圳龙华仓库,广东省,深圳市
深圳市逸品汽车服务有限公司,extra21010497,江苏康众汽配有限公司,KZ,深圳观澜仓库,广东省,深圳市
深圳市车速汽车服务有限公司,extra22022208,江苏康众汽配有限公司,KZ,深圳龙城仓库,广东省,深圳市
深圳市车美福汽车服务有限责任公司平湖分公司,extra21008123,江苏康众汽配有限公司,KZ,深圳平湖仓库,广东省,深圳市
深圳市车卫士汽车服务中心,IWSG30395,深圳市玖玖利贸易有限公司,118000411,玖玖利流塘店,广东省,深圳市
深圳市路捷名车汽车维修有限公司,extra20006088,江苏康众汽配有限公司,KZ,深圳龙华仓库,广东省,深圳市
深圳市西叶汽车服务有限公司观澜分公司,extra22025503,江苏康众汽配有限公司,KZ,深圳观澜仓库,广东省,深圳市
深圳市美仑汽车维修有限公司,extra22024451,江苏康众汽配有限公司,KZ,深圳宝安仓库,广东省,深圳市
深圳市罗湖区光华汽车配件商店,extra20006117,深圳市玖玖利贸易有限公司,118000411,玖玖利罗湖店,广东省,深圳市
深圳市福田区杜邦博世汽配商行,extra22017206,深圳市玖玖利贸易有限公司,118000411,玖玖利罗湖店,广东省,深圳市
深圳市福田区奔豪汽车维修服务行,extra21007639,深圳市玖玖利贸易有限公司,118000411,玖玖利罗湖店,广东省,深圳市
深圳市福众行汽车服务,IWSG73893,江苏康众汽配有限公司,KZ,深圳龙华仓库,广东省,深圳市
深圳市皇家至尊汽车美容服务中心,extra22025563,深圳市玖玖利贸易有限公司,118000411,玖玖利龙岗店,广东省,深圳市
深圳市湾隆名车服务有限公司,extra22025634,深圳市玖玖利贸易有限公司,118000411,玖玖利流塘店,广东省,深圳市
深圳市清之流汽车服务有限公司,extra23029252,江苏康众汽配有限公司,KZ,深圳宝安仓库,广东省,深圳市
深圳市深普大队俱乐部有限公司,IWSG31122,深圳市玖玖利贸易有限公司,118000411,玖玖利龙岗店,广东省,深圳市
深圳市深之美汽车服务有限公司,extra21010492,深圳市玖玖利贸易有限公司,118000411,玖玖利罗湖店,广东省,深圳市
深圳市海联兴汽车服务有限公司,extra22023762,江苏康众汽配有限公司,KZ,深圳龙华仓库,广东省,深圳市
深圳市橘子汽车养护服务有限公司,IWSG30859,深圳市玖玖利贸易有限公司,118000411,玖玖利龙华店,广东省,深圳市
深圳市机师汽车服务,extra22025392,江苏康众汽配有限公司,KZ,深圳观澜仓库,广东省,深圳市
深圳市智联汽车服务有限公司新安分公司,extra22024416,江苏康众汽配有限公司,KZ,深圳宝安仓库,广东省,深圳市
深圳市景赞汽车服务有限公司,extra22023833,江苏康众汽配有限公司,KZ,深圳龙华仓库,广东省,深圳市
深圳市景腾汽车修配厂,extra22024149,深圳市玖玖利贸易有限公司,118000411,玖玖利罗湖店,广东省,深圳市
深圳市捷信汽车工坊有限公司,extra22025531,深圳市玖玖利贸易有限公司,118000411,玖玖利流塘店,广东省,深圳市
深圳市恒珲汽车贸易服务有限公司,extra20006427,深圳市玖玖利贸易有限公司,118000411,玖玖利罗湖店,广东省,深圳市
深圳市怡丰汽修综合服务有限公司,extra20005723,深圳市玖玖利贸易有限公司,118000411,玖玖利流塘店,广东省,深圳市
深圳市百骏威汽车服务有限公司深快美分公司,IWSG32327,江苏康众汽配有限公司,KZ,深圳平湖仓库,广东省,深圳市
深圳市京平惠汽车服务有限公司,IWSG29177,江苏康众汽配有限公司,KZ,深圳平湖仓库,广东省,深圳市
龙岗区平湖镇大众汽车养护中心,IWSG73897,江苏康众汽配有限公司,KZ,深圳平湖仓库,广东省,深圳市
爱车汽车音响美容店,IWSG73902,江苏康众汽配有限公司,KZ,深圳观澜仓库,广东省,深圳市
富民汽车美容养护中心,IWSG73905,江苏康众汽配有限公司,KZ,深圳观澜仓库,广东省,深圳市
深圳市龙岗区平湖新华兴汽配商行,IWSG74224,江苏康众汽配有限公司,KZ,深圳平湖仓库,广东省,深圳市
深圳龙岗区平湖镇兴利修理部,IWSG27421,江苏康众汽配有限公司,KZ,深圳平湖仓库,广东省,深圳市
深圳市漂移车友俱乐部有限公司,IWSG29224,江苏康众汽配有限公司,KZ,深圳宝安仓库,广东省,深圳市
深圳三和泰汽车美容维修服务有限公司,IWSG29413,江苏康众汽配有限公司,KZ,深圳平湖仓库,广东省,深圳市
深圳市特宁汽车服务有限公司,IWSG29524,江苏康众汽配有限公司,KZ,深圳龙华仓库,广东省,深圳市
博派汽服（深圳）有限公司,IWSG29558,江苏康众汽配有限公司,KZ,深圳龙华仓库,广东省,深圳市
深圳市龙华新区观澜鑫华联汽车快修服务部,IWSG30236,江苏康众汽配有限公司,KZ,深圳观澜仓库,广东省,深圳市
深圳龙华新区民治车港汽车服务中心,IWSG30295,江苏康众汽配有限公司,KZ,深圳龙华仓库,广东省,深圳市
深圳市深业汽车维修有限公司,IWSG30310,江苏康众汽配有限公司,KZ,深圳观澜仓库,广东省,深圳市
深圳市南山区金信汽车护理中心,IWSG30312,江苏康众汽配有限公司,KZ,深圳宝安仓库,广东省,深圳市
深圳市龙华区龙华街道星河名车汽车服务中心,IWSG30842,江苏康众汽配有限公司,KZ,深圳龙华仓库,广东省,深圳市
加尚汽车美容维护中心,IWSG22718,江苏康众汽配有限公司,KZ,深圳观澜仓库,广东省,深圳市
龙岗区平湖大众汽车养护中心,IWSG22973,江苏康众汽配有限公司,KZ,深圳平湖仓库,广东省,深圳市
深圳市宝安区鑫达安汽车服务有限公司,IWSG23611,江苏康众汽配有限公司,KZ,深圳宝安仓库,广东省,深圳市
深圳市轿之缘轮胎总汇（坂田店）,IWSG29086,江苏康众汽配有限公司,KZ,深圳龙华仓库,广东省,深圳市
深圳市车水乐汽车维修服务有限公司,IWSG29130,江苏康众汽配有限公司,KZ,深圳观澜仓库,广东省,深圳市
深圳市路顺汽车美容养护中心,IWSG29146,江苏康众汽配有限公司,KZ,深圳龙华仓库,广东省,深圳市
深圳爱卡汽车服务有限公司,extra22025468,深圳市玖玖利贸易有限公司,118000411,玖玖利平湖店,广东省,深圳市
深圳洗车人家龙岗区洗车人家服务中心,extra22016652,江苏康众汽配有限公司,KZ,深圳龙华仓库,广东省,深圳市
深圳极速车联信息技术有限公司,extra20006497,深圳市玖玖利贸易有限公司,118000411,玖玖利流塘店,广东省,深圳市
深圳市龙岗区美嘉隆汽车服务中心,extra22023986,深圳市玖玖利贸易有限公司,118000411,玖玖利罗湖店,广东省,深圳市
深圳市龙岗区新动力汽车服务中心,extra20007321,江苏康众汽配有限公司,KZ,深圳观澜仓库,广东省,深圳市
深圳市龙岗区平安汽车清洁护理服务部,extra21009334,江苏康众汽配有限公司,KZ,深圳龙城仓库,广东省,深圳市
深圳市龙岗区布吉镇坂田四通汽车维修行,76226225,江苏康众汽配有限公司,KZ,深圳龙华仓库,广东省,深圳市
深圳市龙岗区好师傅名车音响店,extra20006255,江苏康众汽配有限公司,KZ,深圳龙华仓库,广东省,深圳市
深圳市龙岗区奥众汽车维修服务中心,extra22023934,深圳市玖玖利贸易有限公司,118000411,玖玖利龙岗店,广东省,深圳市
深圳市龙岗区坂田通众汽车维修店,extra21009333,江苏康众汽配有限公司,KZ,深圳龙华仓库,广东省,深圳市
深圳市龙岗区养车年华汽车服务中心,extra22012111,深圳市玖玖利贸易有限公司,118000411,玖玖利龙岗店,广东省,深圳市
深圳市龙华新区龙华辉顺发汽车配件部,extra21011105,深圳市玖玖利贸易有限公司,118000411,玖玖利龙华店,广东省,深圳市
深圳市龙华新区民治车港汽车服务中心,76245282,江苏康众汽配有限公司,KZ,深圳龙华仓库,广东省,深圳市
深圳市锦程车港汽车有限公司花城店,extra20006115,深圳市玖玖利贸易有限公司,118000411,玖玖利龙华店,广东省,深圳市
深圳市锐悦汽车服务有限公司,extra20005766,深圳市玖玖利贸易有限公司,118000411,玖玖利罗湖店,广东省,深圳市
深圳市铭昌汽车销售服务有限公司,IWSG32287,江苏康众汽配有限公司,KZ,深圳观澜仓库,广东省,深圳市
深圳市运驰汽车服务有限公司,extra22023846,深圳市玖玖利贸易有限公司,118000411,玖玖利罗湖店,广东省,深圳市
深圳市车爵士车辆清洗服务中心,extra21010163,江苏康众汽配有限公司,KZ,深圳龙华仓库,广东省,深圳市
深圳市车永乐汽车维修服务有限公司,extra22024558,深圳市玖玖利贸易有限公司,118000411,玖玖利龙华店,广东省,深圳市
深圳市讴歌汽车维修有限公司,extra22023770,江苏康众汽配有限公司,KZ,深圳龙华仓库,广东省,深圳市
深圳市辰鸿汽贸服务有限公司,extra22025599,深圳市玖玖利贸易有限公司,118000411,玖玖利流塘店,广东省,深圳市
深圳市辉腾达汽车贸易有限公司,extra22024750,江苏康众汽配有限公司,KZ,深圳龙华仓库,广东省,深圳市
深圳市车语通汽车服务有限公司,extra22024337,深圳市玖玖利贸易有限公司,118000411,玖玖利罗湖店,广东省,深圳市
深圳市路恒汽车服务有限公司,extra20006121,深圳市玖玖利贸易有限公司,118000411,玖玖利龙华店,广东省,深圳市
深圳市誉诚汽车服务有限公司,IWSG26958,江苏康众汽配有限公司,KZ,深圳观澜仓库,广东省,深圳市
深圳市荣泽名车养护有限公司,extra22025461,深圳市玖玖利贸易有限公司,118000411,玖玖利龙华店,广东省,深圳市
深圳市联合兄弟汽修美容服务连锁有限公司,extra22028320,深圳市玖玖利贸易有限公司,118000411,玖玖利龙岗店,广东省,深圳市
深圳市翔翼汽车维修美容服务中心,extra22024031,深圳市玖玖利贸易有限公司,118000411,玖玖利龙华店,广东省,深圳市
深圳市罗湖区雄狮汽配店,extra22023629,深圳市玖玖利贸易有限公司,118000411,玖玖利罗湖店,广东省,深圳市
深圳市纽北道汽车服务有限公司,extra21007769,深圳市玖玖利贸易有限公司,118000411,玖玖利龙华店,广东省,深圳市
深圳市福鑫旺汽车服务有限公司,extra22016885,深圳市玖玖利贸易有限公司,118000411,玖玖利龙华店,广东省,深圳市
深圳市福田区零零柒汽配商行,extra22024265,深圳市玖玖利贸易有限公司,118000411,玖玖利罗湖店,广东省,深圳市
深圳市百事达汽车服务有限公司,extra22024821,江苏康众汽配有限公司,KZ,深圳宝安仓库,广东省,深圳市
深圳市特力行汽车维修服务有限公司,extra22025521,深圳市玖玖利贸易有限公司,118000411,玖玖利流塘店,广东省,深圳市
深圳市爱车聚汽车服务有限公司,extra20006119,深圳市玖玖利贸易有限公司,118000411,玖玖利流塘店,广东省,深圳市
深圳市港樽车汇汽车会所有限公司,extra22016834,江苏康众汽配有限公司,KZ,深圳龙华仓库,广东省,深圳市
深圳市深裕鹏汽车维修服务有限公司,extra20006253,江苏康众汽配有限公司,KZ,深圳龙华仓库,广东省,深圳市
深圳市深港兴实业有限公司,extra22017204,江苏康众汽配有限公司,KZ,深圳宝安仓库,广东省,深圳市
深圳市汇聚汽车服务有限公司,extra20006208,深圳市玖玖利贸易有限公司,118000411,玖玖利罗湖店,广东省,深圳市
深圳市森那美新能源汽车销售服务有限公司,extra22023587,江苏康众汽配有限公司,KZ,深圳宝安仓库,广东省,深圳市
深圳市智惠汽车服务有限公司,IWSG30268,江苏康众汽配有限公司,KZ,深圳观澜仓库,广东省,深圳市
深圳市新烽汽车服务有限公司,extra22028349,深圳市玖玖利贸易有限公司,118000411,玖玖利罗湖店,广东省,深圳市
深圳市捷信汽车服务有限公司龙岗分公司,extra22012096,江苏康众汽配有限公司,KZ,深圳龙城仓库,广东省,深圳市
深圳市恒华汽车服务有限公司,extra20006092,深圳市玖玖利贸易有限公司,118000411,玖玖利龙岗店,广东省,深圳市
深圳市德通行汽车服务有限公司,extra21007936,江苏康众汽配有限公司,KZ,深圳龙城仓库,广东省,深圳市
深圳市广三保汽车服务有限公司,extra22025499,江苏康众汽配有限公司,KZ,深圳宝安仓库,广东省,深圳市
深圳市崇锋汽车服务有限公司,extra22024943,江苏康众汽配有限公司,KZ,深圳龙华仓库,广东省,深圳市
深圳市尚车坊汽车服务有限公司,extra22017935,江苏康众汽配有限公司,KZ,深圳平湖仓库,广东省,深圳市
深圳市家宝汽车服务有限公司,extra22023939,深圳市玖玖利贸易有限公司,118000411,玖玖利龙岗店,广东省,深圳市
深圳市宝鸿星汽车服务有限公司,extra22024957,江苏康众汽配有限公司,KZ,深圳宝安仓库,广东省,深圳市
深圳市宝翼汽修服务有限公司,extra21007658,深圳市玖玖利贸易有限公司,118000411,玖玖利流塘店,广东省,深圳市
深圳市宝安区松岗陈记仰杰汽车服务中心,extra22012033,深圳市玖玖利贸易有限公司,118000411,玖玖利流塘店,广东省,深圳市
深圳市宝安区松岗联胜汽车配件经营部,extra22025464,江苏康众汽配有限公司,KZ,深圳观澜仓库,广东省,深圳市
深圳市宝安区新安鑫广源汽车配件部,extra22023578,深圳市玖玖利贸易有限公司,118000411,玖玖利流塘店,广东省,深圳市
深圳市宝安区新安聚豪汽车维修行,extra22027762,江苏康众汽配有限公司,KZ,深圳宝安仓库,广东省,深圳市
深圳市宝安区新安老刘汽修商行,extra22025349,深圳市玖玖利贸易有限公司,118000411,玖玖利流塘店,广东省,深圳市
深圳市宝安区新安标辉汽车维修行,extra22024424,江苏康众汽配有限公司,KZ,深圳宝安仓库,广东省,深圳市
深圳市宝安区新安广运汽车维修行,extra22025235,江苏康众汽配有限公司,KZ,深圳宝安仓库,广东省,深圳市
深圳市宝名行汽车服务有限公司,extra20006687,深圳市玖玖利贸易有限公司,118000411,玖玖利罗湖店,广东省,深圳市
深圳市宝信行汽车服务有限公司,extra20005656,深圳市玖玖利贸易有限公司,118000411,玖玖利罗湖店,广东省,深圳市
深圳市天汇汽车贸易有限公司,extra20006779,江苏康众汽配有限公司,KZ,深圳宝安仓库,广东省,深圳市
深圳市壹腾汽车服务有限公司,extra22012318,江苏康众汽配有限公司,KZ,深圳平湖仓库,广东省,深圳市
深圳市壹肆柒汽车服务有限公司,extra22016931,江苏康众汽配有限公司,KZ,深圳龙华仓库,广东省,深圳市
深圳市名车匠汽车维修服务有限公司,extra22023950,深圳市玖玖利贸易有限公司,118000411,玖玖利流塘店,广东省,深圳市
深圳市名捷行汽车服务有限公司,IWSG23612,深圳市玖玖利贸易有限公司,118000411,玖玖利流塘店,广东省,深圳市
深圳市双龙汇汽车服务有限公司,extra21007743,深圳市玖玖利贸易有限公司,118000411,玖玖利流塘店,广东省,深圳市
深圳市友间车坊汽车服务有限公司,76226842,江苏康众汽配有限公司,KZ,深圳宝安仓库,广东省,深圳市
深圳市友和行汽车服务有限公司,extra21008197,江苏康众汽配有限公司,KZ,深圳龙华仓库,广东省,深圳市
深圳市兴泰达汽车服务有限公司,extra21008540,江苏康众汽配有限公司,KZ,深圳龙华仓库,广东省,深圳市
深圳市信立恒汽车服务有限公司,extra22028358,深圳市玖玖利贸易有限公司,118000411,玖玖利流塘店,广东省,深圳市
深圳市信恒誉汽车维修服务有限公司,extra22028348,深圳市玖玖利贸易有限公司,118000411,玖玖利罗湖店,广东省,深圳市
深圳市保平汽车服务有限公司,extra20005935,深圳市玖玖利贸易有限公司,118000411,玖玖利罗湖店,广东省,深圳市
深圳市保信行汽车销售服务有限公司,extra21010376,深圳市玖玖利贸易有限公司,118000411,玖玖利罗湖店,广东省,深圳市
深圳市众宝行汽车服务有限公司,extra21010385,深圳市玖玖利贸易有限公司,118000411,玖玖利流塘店,广东省,深圳市
深圳市一号车库汽车服务有限公司,extra20007114,江苏康众汽配有限公司,KZ,深圳观澜仓库,广东省,深圳市
深圳友恒汽车服务有限公司,extra22024156,深圳市玖玖利贸易有限公司,118000411,玖玖利龙岗店,广东省,深圳市
深圳全骏汽车维修服务中心,extra23029263,江苏康众汽配有限公司,KZ,深圳观澜仓库,广东省,深圳市
欧瑞（深圳）汽车配件有限公司,extra20005744,深圳市玖玖利贸易有限公司,118000411,玖玖利龙华店,广东省,深圳市
宏日汽车服务（深圳）有限公司,extra22012117,深圳市玖玖利贸易有限公司,118000411,玖玖利龙华店,广东省,深圳市
126workshop,extra22023903,深圳市玖玖利贸易有限公司,118000411,玖玖利罗湖店,广东省,深圳市
深圳车铭汽车维修服务有限公司,extra22023802,深圳市玖玖利贸易有限公司,118000411,玖玖利龙华店,广东省,深圳市
深圳悦宝行汽车服务有限公司,extra22012052,江苏康众汽配有限公司,KZ,深圳龙华仓库,广东省,深圳市
深圳市龙岗区途途乐汽车服务部,extra22025277,江苏康众汽配有限公司,KZ,深圳龙城仓库,广东省,深圳市
深圳市龙岗区轿之林诚信汽配店,extra22012069,江苏康众汽配有限公司,KZ,深圳龙城仓库,广东省,深圳市
深圳市龙岗区李俊鸿汽车维修部,extra20006663,深圳市玖玖利贸易有限公司,118000411,玖玖利龙华店,广东省,深圳市
深圳市龙岗区旭恒汽车维修服务中心,extra22012054,江苏康众汽配有限公司,KZ,深圳宝安仓库,广东省,深圳市
深圳市龙岗区恒熙汽车服务中心,extra22024630,深圳市玖玖利贸易有限公司,118000411,玖玖利平湖店,广东省,深圳市
深圳市龙岗区坪地龙鑫达轮胎店,extra20006462,江苏康众汽配有限公司,KZ,深圳宝安仓库,广东省,深圳市
深圳市龙岗区坂田兴万众汽车精品店,extra22024012,深圳市玖玖利贸易有限公司,118000411,玖玖利龙华店,广东省,深圳市
深圳市龙岗区南湾瀚深汽车服务中心,extra22023945,江苏康众汽配有限公司,KZ,深圳平湖仓库,广东省,深圳市
深圳市龙岗区华晟汽车美容店,extra22025848,江苏康众汽配有限公司,KZ,深圳平湖仓库,广东省,深圳市
深圳市龙华区观澜鑫驰汽车维修养护中心,extra22023700,江苏康众汽配有限公司,KZ,深圳龙华仓库,广东省,深圳市
深圳市龙华区观湖街道途乐专业汽车冷气维修店,extra22025171,江苏康众汽配有限公司,KZ,深圳观澜仓库,广东省,深圳市
深圳市龙华区汇车一族汽车维修美容车行,extra20006216,江苏康众汽配有限公司,KZ,深圳龙华仓库,广东省,深圳市
深圳市鸿茂汽车服务有限公司,extra20006156,深圳市玖玖利贸易有限公司,118000411,玖玖利罗湖店,广东省,深圳市
深圳市德驿汽车服务有限公司,extra21008886,深圳市玖玖利贸易有限公司,118000411,玖玖利罗湖店,广东省,深圳市
深圳市德冠廷汽车服务有限公司,extra20005657,深圳市玖玖利贸易有限公司,118000411,玖玖利流塘店,广东省,深圳市
深圳市宝安区车华达汽车护理部,extra22024110,深圳市玖玖利贸易有限公司,118000411,玖玖利流塘店,广东省,深圳市
深圳市宝安区燕罗新车友汽车美容部,extra22025532,江苏康众汽配有限公司,KZ,深圳观澜仓库,广东省,深圳市
深圳市宝安区新桥鑫龙汽车维修中心,extra22017088,深圳市玖玖利贸易有限公司,118000411,玖玖利流塘店,广东省,深圳市
深圳市宝安区新安森乐汽车维修部,extra22024586,深圳市玖玖利贸易有限公司,118000411,玖玖利流塘店,广东省,深圳市
深圳市大德之星汽车服务有限公司,extra21008088,江苏康众汽配有限公司,KZ,深圳龙华仓库,广东省,深圳市
深圳市大东部汽车用品市场新发汽车配件部,extra21007681,江苏康众汽配有限公司,KZ,深圳龙城仓库,广东省,深圳市
深圳市嘉莉汽车修理中心,extra20007204,江苏康众汽配有限公司,KZ,深圳龙华仓库,广东省,深圳市
深圳市嘉嘉汽车服务有限公司,extra21009520,江苏康众汽配有限公司,KZ,深圳龙华仓库,广东省,深圳市
深圳市南方众悦汽车销售服务有限公司,extra20005750,深圳市玖玖利贸易有限公司,118000411,玖玖利流塘店,广东省,深圳市
深圳市华沃行汽车服务有限公司,extra22024644,深圳市玖玖利贸易有限公司,118000411,玖玖利龙华店,广东省,深圳市
深圳市务实汽车配件有限公司,extra22028347,深圳市玖玖利贸易有限公司,118000411,玖玖利罗湖店,广东省,深圳市
深圳市兴君临汽车服务有限公司,extra22023994,深圳市玖玖利贸易有限公司,118000411,玖玖利龙华店,广东省,深圳市
深圳市光明新区公明领先汽车服务中心,extra22025039,江苏康众汽配有限公司,KZ,深圳观澜仓库,广东省,深圳市
深圳市光明区鑫勇众汽车服务中心,extra22017563,江苏康众汽配有限公司,KZ,深圳观澜仓库,广东省,深圳市
深圳市佳顺鸿汽车维修有限公司,extra21009190,深圳市玖玖利贸易有限公司,118000411,玖玖利流塘店,广东省,深圳市
深圳市佰轮比汽车服务有限公司,extra20005764,江苏康众汽配有限公司,KZ,深圳观澜仓库,广东省,深圳市
深圳市佰轮固汽配贸易有限公司,extra22025508,深圳市玖玖利贸易有限公司,118000411,玖玖利龙华店,广东省,深圳市
深圳市丽车盛领航汽车服务有限公司,extra21011296,深圳市玖玖利贸易有限公司,118000411,玖玖利流塘店,广东省,深圳市
深圳市一修汽车服务有限公司,extra22024178,深圳市玖玖利贸易有限公司,118000411,玖玖利流塘店,广东省,深圳市
深圳前海义文实业有限公司,extra22019341,深圳市玖玖利贸易有限公司,118000411,玖玖利龙华店,广东省,深圳市
开思员工内部采购账号,extra21009052,江苏康众汽配有限公司,KZ,深圳龙华仓库,广东省,深圳市
深圳市龙岗区宝城汽车服务中心,extra22025048,深圳市玖玖利贸易有限公司,118000411,玖玖利龙岗店,广东省,深圳市
深圳市捷澳汽车服务有限公司,extra22023145,深圳市玖玖利贸易有限公司,118000411,玖玖利罗湖店,广东省,深圳市
深圳市漫城汽车技术服务有限公司,extra22024443,深圳市玖玖利贸易有限公司,118000411,玖玖利龙华店,广东省,深圳市
深圳市宝捷汇汽车服务有限公司,76246407,深圳市玖玖利贸易有限公司,118000411,玖玖利罗湖店,广东省,深圳市
深圳市龙岗区江峰汽车用品部,extra22028367,深圳市玖玖利贸易有限公司,118000411,玖玖利龙岗店,广东省,深圳市
深圳市龙岗区锦祥汽车维修工作室,extra22012085,深圳市玖玖利贸易有限公司,118000411,玖玖利龙岗店,广东省,深圳市
深圳市罗湖区秦记四哥汽配商行,extra22023675,深圳市玖玖利贸易有限公司,118000411,玖玖利罗湖店,广东省,深圳市
东莞市四通汽车服务有限公司,extra22024642,深圳市玖玖利贸易有限公司,118000411,玖玖利龙华店,广东省,深圳市
深圳市华贤高投资发展有限公司德孚汽车修理厂,extra20005714,深圳市玖玖利贸易有限公司,118000411,玖玖利龙华店,广东省,深圳市
深圳市铭创汽车服务有限公司,extra22024441,深圳市玖玖利贸易有限公司,118000411,玖玖利龙岗店,广东省,深圳市
深圳市兴车友汽车服务有限公司,IWSG24863,深圳市玖玖利贸易有限公司,118000411,玖玖利流塘店,广东省,深圳市
深圳市龙岗区清风车友汽车服务部,extra22025542,深圳市玖玖利贸易有限公司,118000411,玖玖利罗湖店,广东省,深圳市
深圳市西典汽车维修有限公司,extra22023565,深圳市玖玖利贸易有限公司,118000411,玖玖利流塘店,广东省,深圳市
深圳市龙岗区丰鑫行汽车服务中心,extra22024618,深圳市玖玖利贸易有限公司,118000411,玖玖利罗湖店,广东省,深圳市
深圳市濠骏汽车维修服务有限公司,extra20005678,深圳市玖玖利贸易有限公司,118000411,玖玖利罗湖店,广东省,深圳市
深圳市星悦成汽车服务有限公司,extra20007193,深圳市玖玖利贸易有限公司,118000411,玖玖利流塘店,广东省,深圳市
深圳市车马盈门汽车服务有限公司,extra21007478,深圳市玖玖利贸易有限公司,118000411,玖玖利平湖店,广东省,深圳市
益众达汽配快修行,IWSG22427,深圳市玖玖利贸易有限公司,118000411,玖玖利流塘店,广东省,深圳市
深圳市捷信汽车服务有限公司宝安分公司,extra21007559,深圳市玖玖利贸易有限公司,118000411,玖玖利流塘店,广东省,深圳市
深圳市向宇达汽车维修服务有限公司,extra20006053,深圳市玖玖利贸易有限公司,118000411,玖玖利流塘店,广东省,深圳市
深圳市动力快车实业有限公司,IWSG22429,深圳市玖玖利贸易有限公司,118000411,玖玖利流塘店,广东省,深圳市
深圳市龙德汽车技术服务有限公司,extra21009599,深圳市玖玖利贸易有限公司,118000411,玖玖利流塘店,广东省,深圳市
深圳市迅达汽车运输有限公司汽车修配厂,extra21007995,深圳市玖玖利贸易有限公司,118000411,玖玖利罗湖店,广东省,深圳市
深圳市南山区峰达专业汽车服务中心,extra22024481,深圳市玖玖利贸易有限公司,118000411,玖玖利流塘店,广东省,深圳市
深圳市太格汽车服务有限公司,extra21011169,深圳市玖玖利贸易有限公司,118000411,玖玖利罗湖店,广东省,深圳市
深圳骏威汽车服务有限公司,extra20005805,深圳市玖玖利贸易有限公司,118000411,玖玖利流塘店,广东省,深圳市
腾峰汽车（深圳）有限公司,extra22024002,深圳市玖玖利贸易有限公司,118000411,玖玖利流塘店,广东省,深圳市
企沃车圳（深圳）汽车服务有限公司,extra22028293,深圳市玖玖利贸易有限公司,118000411,玖玖利流塘店,广东省,深圳市
深圳市张氏汽车服务有限公司,extra22024554,深圳市玖玖利贸易有限公司,118000411,玖玖利罗湖店,广东省,深圳市
深圳市福田区公园街轮胎店,extra22024775,深圳市玖玖利贸易有限公司,118000411,玖玖利罗湖店,广东省,深圳市
深圳市南山区辉达汽配商店,extra22025434,深圳市玖玖利贸易有限公司,118000411,玖玖利流塘店,广东省,深圳市
深圳市丰豹汽车维修服务有限公司,IWSG29914,深圳市玖玖利贸易有限公司,118000411,玖玖利龙岗店,广东省,深圳市
深圳市宝安区新桥街道车伙计汽修养护中心,extra22012107,深圳市玖玖利贸易有限公司,118000411,玖玖利流塘店,广东省,深圳市
深圳市宝安区石岩车友汇服务中心,extra21007759,深圳市玖玖利贸易有限公司,118000411,玖玖利流塘店,广东省,深圳市
深圳市企沃汽车快修有限公司,extra21008934,深圳市玖玖利贸易有限公司,118000411,玖玖利流塘店,广东省,深圳市
深圳市海腾达汽车服务有限公司,extra21010875,深圳市玖玖利贸易有限公司,118000411,玖玖利流塘店,广东省,深圳市
深圳市名仕豪车维修服务有限公司,extra21009472,深圳市玖玖利贸易有限公司,118000411,玖玖利流塘店,广东省,深圳市
深圳市宝安区沙井靓车堡汽车用品装饰店,extra22024803,深圳市玖玖利贸易有限公司,118000411,玖玖利流塘店,广东省,深圳市
深圳市宝安区联昌汽车修配厂,extra22026063,深圳市玖玖利贸易有限公司,118000411,玖玖利龙华店,广东省,深圳市
深圳市香车斯巴有限公司,extra22023707,深圳市玖玖利贸易有限公司,118000411,玖玖利流塘店,广东省,深圳市
深州市通达汽车维修行,IWSG22595,深圳市玖玖利贸易有限公司,118000411,玖玖利龙华店,广东省,深圳市
深圳市至潮汽车服务有限公司,extra21009600,深圳市玖玖利贸易有限公司,118000411,玖玖利流塘店,广东省,深圳市
深圳市南山区快车品味汽车服务行,extra21008433,深圳市玖玖利贸易有限公司,118000411,玖玖利流塘店,广东省,深圳市
深圳市俊荣祥和汽车修配有限公司,extra22024785,深圳市玖玖利贸易有限公司,118000411,玖玖利罗湖店,广东省,深圳市
深圳市京鑫汽车服务有限公司,extra22024817,深圳市玖玖利贸易有限公司,118000411,玖玖利流塘店,广东省,深圳市
深圳市南山区骏汇汽车服务中心,extra21009271,深圳市玖玖利贸易有限公司,118000411,玖玖利流塘店,广东省,深圳市
深圳市嘉利保汽车贸易有限公司,extra22024749,深圳市玖玖利贸易有限公司,118000411,玖玖利流塘店,广东省,深圳市
深圳志远汽车贸易有限公司,extra22025475,深圳市玖玖利贸易有限公司,118000411,玖玖利平湖店,广东省,深圳市
深圳市桃源鑫国通汽车美容中心,extra21007519,深圳市玖玖利贸易有限公司,118000411,玖玖利流塘店,广东省,深圳市
深圳市龙岗区新正东汽车配件店,IWSG30965,深圳市玖玖利贸易有限公司,118000411,玖玖利龙岗店,广东省,深圳市
深圳市捷信汽车服务有限公司,extra20007023,深圳市玖玖利贸易有限公司,118000411,玖玖利流塘店,广东省,深圳市
深圳市南山区华顺强汽车维护美容服务中心,extra22023509,深圳市玖玖利贸易有限公司,118000411,玖玖利流塘店,广东省,深圳市
深圳市大洋汽车服务有限公司,IWSG22726,深圳市玖玖利贸易有限公司,118000411,玖玖利流塘店,广东省,深圳市
深圳市诚众行汽车服务有限公司,extra21007843,深圳市玖玖利贸易有限公司,118000411,玖玖利罗湖店,广东省,深圳市
深圳市宝安区石岩街道信誉达汽修厂,extra21008306,深圳市玖玖利贸易有限公司,118000411,玖玖利流塘店,广东省,深圳市
深圳市兴德科实业有限公司后海分公司,extra20007044,深圳市玖玖利贸易有限公司,118000411,玖玖利流塘店,广东省,深圳市
深圳市宝德汽车服务有限公司,extra22025519,深圳市玖玖利贸易有限公司,118000411,玖玖利龙岗店,广东省,深圳市
深圳市名车汇汽车维修服务有限公司,extra22025561,深圳市玖玖利贸易有限公司,118000411,玖玖利龙岗店,广东省,深圳市
深圳市龙岗区横岗车世纪杨记轮胎修理行,extra21009036,深圳市玖玖利贸易有限公司,118000411,玖玖利龙岗店,广东省,深圳市
深圳市福嘉达汽车服务有限公司,extra22024160,深圳市玖玖利贸易有限公司,118000411,玖玖利流塘店,广东省,深圳市
深圳市南山区飞扬动力汽车服务中心,extra22025527,深圳市玖玖利贸易有限公司,118000411,玖玖利流塘店,广东省,深圳市
深圳市宝安区福永永照民汽修厂,extra22023827,深圳市玖玖利贸易有限公司,118000411,玖玖利流塘店,广东省,深圳市
深圳市宝安区福永联德胜汽车维修行,extra22023836,深圳市玖玖利贸易有限公司,118000411,玖玖利流塘店,广东省,深圳市
深圳市浩坤轩汽车贸易有限公司,extra22024591,深圳市玖玖利贸易有限公司,118000411,玖玖利流塘店,广东省,深圳市
深圳市宝安区福海车汇馆汽车美容中心,extra22023948,深圳市玖玖利贸易有限公司,118000411,玖玖利流塘店,广东省,深圳市
深圳市龚师傅汽车服务有限公司,extra22019022,深圳市玖玖利贸易有限公司,118000411,玖玖利流塘店,广东省,深圳市
深圳市宝安区福永东兴汽车护理中心,extra22024797,深圳市玖玖利贸易有限公司,118000411,玖玖利流塘店,广东省,深圳市
深圳市车广源汽车服务有限公司,extra22024547,深圳市玖玖利贸易有限公司,118000411,玖玖利龙岗店,广东省,深圳市
深圳市龙岗区精悦名车维修中心,extra22023842,深圳市玖玖利贸易有限公司,118000411,玖玖利罗湖店,广东省,深圳市
深圳市宝安区福海美的爱车之家汽车服务店,extra22024474,深圳市玖玖利贸易有限公司,118000411,玖玖利流塘店,广东省,深圳市
深圳市龙岗区腾昌汽车美容维护中心,extra21010134,深圳市玖玖利贸易有限公司,118000411,玖玖利龙岗店,广东省,深圳市
深圳市宝安区新桥洪记汽车精品店,extra20006743,深圳市玖玖利贸易有限公司,118000411,玖玖利流塘店,广东省,深圳市
深圳市三缘汽车服务有限公司,extra22023787,深圳市玖玖利贸易有限公司,118000411,玖玖利罗湖店,广东省,深圳市
深圳市奥松达名车维修有限公司,extra22026101,深圳市玖玖利贸易有限公司,118000411,玖玖利流塘店,广东省,深圳市
深圳市八号车坊汽车服务有限公司,extra22018975,深圳市玖玖利贸易有限公司,118000411,玖玖利流塘店,广东省,深圳市
深圳市龙岗区名车生活汽车服务中心,extra22023647,深圳市玖玖利贸易有限公司,118000411,玖玖利罗湖店,广东省,深圳市
深圳市德信行名车服务有限公司,extra22028343,深圳市玖玖利贸易有限公司,118000411,玖玖利龙岗店,广东省,深圳市
深圳市宝昌名车服务有限公司,76246328,深圳市玖玖利贸易有限公司,118000411,玖玖利龙华店,广东省,深圳市
深圳市新汇星行汽车服务有限公司,extra22012114,深圳市玖玖利贸易有限公司,118000411,玖玖利流塘店,广东省,深圳市
深圳市福之星汽车服务有限公司,extra21007598,深圳市玖玖利贸易有限公司,118000411,玖玖利罗湖店,广东省,深圳市
深圳市奔宝汇汽车服务有限公司,extra22012514,深圳市玖玖利贸易有限公司,118000411,玖玖利龙岗店,广东省,深圳市
深圳市悦山湖汽车养护美容服务有限公司,extra22025180,深圳市玖玖利贸易有限公司,118000411,玖玖利龙岗店,广东省,深圳市
深圳市广进汽配有限公司,extra22025779,深圳市玖玖利贸易有限公司,118000411,玖玖利龙华店,广东省,深圳市
深圳市布吉日升汽车服务有限公司,IWSG20424,深圳市玖玖利贸易有限公司,118000411,玖玖利罗湖店,广东省,深圳市
深圳市路捷星汽车服务有限公司,extra20005934,深圳市玖玖利贸易有限公司,118000411,玖玖利流塘店,广东省,深圳市
深圳市宝安区安达汽车维修行,extra22012089,深圳市玖玖利贸易有限公司,118000411,玖玖利流塘店,广东省,深圳市
深圳市宇博汽车服务有限公司,extra22023767,深圳市玖玖利贸易有限公司,118000411,玖玖利罗湖店,广东省,深圳市
深圳市天奥汽车服务有限公司,extra22019370,深圳市玖玖利贸易有限公司,118000411,玖玖利罗湖店,广东省,深圳市
深圳市朗程汽车服务有限公司,extra22023966,深圳市玖玖利贸易有限公司,118000411,玖玖利龙华店,广东省,深圳市
深圳市奔康汽车服务有限公司上星分公司,IWSG27433,深圳市玖玖利贸易有限公司,118000411,玖玖利流塘店,广东省,深圳市
深圳市宝安区沙井赣泰鸿达汽修店,extra22025637,深圳市玖玖利贸易有限公司,118000411,玖玖利流塘店,广东省,深圳市
深圳浩东城汽车服务中心,IWSG73884,深圳市玖玖利贸易有限公司,118000411,玖玖利龙岗店,广东省,深圳市
深圳市炫色汽车销售服务有限责任公司,extra21008152,深圳市玖玖利贸易有限公司,118000411,玖玖利龙岗店,广东省,深圳市
深圳市远程汽车销售服务有限公司,extra21007474,深圳市玖玖利贸易有限公司,118000411,玖玖利龙华店,广东省,深圳市
深圳市迈纳汽车服务有限公司,extra22024729,深圳市玖玖利贸易有限公司,118000411,玖玖利龙岗店,广东省,深圳市
深圳市坪山区伴星创展汽车维修部,extra22027035,深圳市玖玖利贸易有限公司,118000411,玖玖利龙岗店,广东省,深圳市
深圳市宝安区新桥群章车宝贝汽车美容维修中心,extra22025775,深圳市玖玖利贸易有限公司,118000411,玖玖利流塘店,广东省,深圳市
深圳市车邦帮成卓汽车服务有限公司,extra22026122,深圳市玖玖利贸易有限公司,118000411,玖玖利罗湖店,广东省,深圳市
深圳市八方车汇汽车服务有限公司,extra21008298,深圳市玖玖利贸易有限公司,118000411,玖玖利罗湖店,广东省,深圳市
深圳市维车新汽车服务有限公司,extra22024696,深圳市玖玖利贸易有限公司,118000411,玖玖利流塘店,广东省,深圳市
深圳市怡丰汽修综合服务有限公司沙井分公司,extra22024412,深圳市玖玖利贸易有限公司,118000411,玖玖利流塘店,广东省,深圳市
深圳市名车道汽车美容维修有限公司,extra22025631,深圳市玖玖利贸易有限公司,118000411,玖玖利流塘店,广东省,深圳市
深圳市轮汇汽车服务有限公司,extra22025553,深圳市玖玖利贸易有限公司,118000411,玖玖利龙岗店,广东省,深圳市
深圳市龙岗区凯佑汽车养护中心,IWSG29226,深圳市玖玖利贸易有限公司,118000411,玖玖利龙岗店,广东省,深圳市
爱车荟服务（深圳）有限公司,extra22025771,深圳市玖玖利贸易有限公司,118000411,玖玖利流塘店,广东省,深圳市
深圳市和顺汽车服务有限公司,extra20005748,深圳市玖玖利贸易有限公司,118000411,玖玖利罗湖店,广东省,深圳市
深圳市龙岗区坪地锦隆行汽车维修服务部,extra21010019,深圳市玖玖利贸易有限公司,118000411,玖玖利龙岗店,广东省,深圳市
深圳市华达行汽车服务有限公司,extra20005753,深圳市玖玖利贸易有限公司,118000411,玖玖利龙岗店,广东省,深圳市
深圳市盐田区匠心汽车美容店,extra22023711,深圳市玖玖利贸易有限公司,118000411,玖玖利罗湖店,广东省,深圳市
深圳市致胜汽车服务有限公司,extra22028354,深圳市玖玖利贸易有限公司,118000411,玖玖利龙岗店,广东省,深圳市
深圳市盐田区定鸿汽车维修服务中心,extra22024206,深圳市玖玖利贸易有限公司,118000411,玖玖利罗湖店,广东省,深圳市
深圳市龙华区大浪强盛达汽车服务部,extra21009594,深圳市玖玖利贸易有限公司,118000411,玖玖利龙华店,广东省,深圳市
深圳市龙华区大浪街道隆盛汽车维修服务中心,extra22025237,深圳市玖玖利贸易有限公司,118000411,玖玖利龙华店,广东省,深圳市
深圳市后溪汽车服务有限公司,extra20006862,深圳市玖玖利贸易有限公司,118000411,玖玖利龙华店,广东省,深圳市
深圳市龙岗区安信汽车维修服务中心,extra22026765,深圳市玖玖利贸易有限公司,118000411,玖玖利流塘店,广东省,深圳市
深圳市大鹏新区爱车优品汽车服务中心,extra20005952,深圳市玖玖利贸易有限公司,118000411,玖玖利龙岗店,广东省,深圳市
深圳市顺通汽车维修有限公司,extra22024537,深圳市玖玖利贸易有限公司,118000411,玖玖利罗湖店,广东省,深圳市
深圳市百骏达汽车服务有限公司,extra22024107,深圳市玖玖利贸易有限公司,118000411,玖玖利罗湖店,广东省,深圳市
深圳市祥顺达汽车维修有限公司,extra20005958,深圳市玖玖利贸易有限公司,118000411,玖玖利罗湖店,广东省,深圳市
深圳市宝安区松岗卡诺嘉汽车服务中心,extra22025628,深圳市玖玖利贸易有限公司,118000411,玖玖利流塘店,广东省,深圳市
深圳市荣兴汽车维修有限公司,extra20006425,深圳市玖玖利贸易有限公司,118000411,玖玖利罗湖店,广东省,深圳市
深圳市宝安区松岗御驾一站式汽车服务中心,extra22025144,深圳市玖玖利贸易有限公司,118000411,玖玖利流塘店,广东省,深圳市
深圳市大鹏新区小顾汽车服务中心,extra22025549,深圳市玖玖利贸易有限公司,118000411,玖玖利龙岗店,广东省,深圳市
深圳市鼎易汽车服务有限公司,76240167,深圳市玖玖利贸易有限公司,118000411,玖玖利龙岗店,广东省,深圳市
深圳市华信星驰汽车维修有限公司,76245283,深圳市玖玖利贸易有限公司,118000411,玖玖利罗湖店,广东省,深圳市
汇车源（深圳）汽车服务有限公司,76240933,深圳市玖玖利贸易有限公司,118000411,玖玖利龙岗店,广东省,深圳市
